Tools,Port 1: Traxtal Tech TA203-2005  s/n:34A2401B,Frame,Face,State,Rz,Ry,Rx,Tx,Ty,Tz,Error,Markers
1,Port 1: Traxtal Tech TA203-2005  s/n:34A2401B,119395,1,OK,112.9277074,35.5438824,13.2199102,56.648,94.453,-2105.949,0.3503860,0
