Tools,Port 1: Traxtal Tech TA203-2005  s/n:34A2401B,Frame,Face,State,Rz,Ry,Rx,Tx,Ty,Tz,Error,Markers
1,Port 1: Traxtal Tech TA203-2005  s/n:34A2401B,51436,1,OK,80.9824845,20.1685573,-27.0462804,385.268,-47.682,-2139.851,0.2039313,0
