Tools,Port 1: Traxtal Tech TA203-2005  s/n:34A2401B,Frame,Face,State,Rz,Ry,Rx,Tx,Ty,Tz,Error,Markers
1,Port 1: Traxtal Tech TA203-2005  s/n:34A2401B,159337,1,OK,-51.8612923,0.0812657,-10.0203137,86.172,43.167,-2092.497,0.1744418,0
