Tools,Port 1: Traxtal Tech TA203-2005  s/n:34A2401B,Frame,Face,State,Rz,Ry,Rx,Tx,Ty,Tz,Error,Markers
1,Port 1: Traxtal Tech TA203-2005  s/n:34A2401B,93274,1,OK,43.0233493,25.7967608,11.8767837,-100.559,211.097,-2085.251,0.3753122,0
