Tools,Port 1: Traxtal Tech TA203-2005  s/n:34A2401B,Frame,Face,State,Rz,Ry,Rx,Tx,Ty,Tz,Error,Markers
1,Port 1: Traxtal Tech TA203-2005  s/n:34A2401B,9418,1,OK,68.5827007,19.8219108,-18.1387144,256.342,-93.628,-2003.521,0.2716739,0
