Tools,Port 1: Traxtal Tech TA203-2005  s/n:34A2401B,Frame,Face,State,Rz,Ry,Rx,Tx,Ty,Tz,Error,Markers
1,Port 1: Traxtal Tech TA203-2005  s/n:34A2401B,124633,1,OK,122.3572132,29.8886864,-12.0457473,335.619,309.418,-2128.563,0.2986843,0
