Tools,Port 1: Traxtal Tech TA203-2005  s/n:34A2401B,Frame,Face,State,Rz,Ry,Rx,Tx,Ty,Tz,Error,Markers
1,Port 1: Traxtal Tech TA203-2005  s/n:34A2401B,136264,1,OK,14.9025853,17.2815834,-44.0110032,228.700,-55.626,-1989.020,0.3559867,0
