Tools,Port 1: Traxtal Tech TA203-2005  s/n:34A2401B,Frame,Face,State,Rz,Ry,Rx,Tx,Ty,Tz,Error,Markers
1,Port 1: Traxtal Tech TA203-2005  s/n:34A2401B,70453,1,OK,84.8801825,28.2905547,-5.7095068,155.051,16.543,-2081.799,0.2607766,0
