Tools,Port 1: Traxtal Tech TA203-2005  s/n:34A2401B,Frame,Face,State,Rz,Ry,Rx,Tx,Ty,Tz,Error,Markers
1,Port 1: Traxtal Tech TA203-2005  s/n:34A2401B,118774,1,OK,115.4513554,35.8159318,22.4322712,-32.176,63.095,-2078.556,0.4252429,0
