Tools,Port 1: Traxtal Tech TA203-2005  s/n:34A2401B,Frame,Face,State,Rz,Ry,Rx,Tx,Ty,Tz,Error,Markers
1,Port 1: Traxtal Tech TA203-2005  s/n:34A2401B,8293,1,OK,79.4708335,20.2555031,-16.4126683,261.853,-64.887,-2008.138,0.2364897,0
