Tools,Port 1: Traxtal Tech TA203-2005  s/n:34A2401B,Frame,Face,State,Rz,Ry,Rx,Tx,Ty,Tz,Error,Markers
1,Port 1: Traxtal Tech TA203-2005  s/n:34A2401B,128239,1,OK,130.9116437,32.6576006,20.2196980,64.945,81.323,-2099.463,0.3301631,0
