Tools,Port 1: Traxtal Tech TA203-2005  s/n:34A2401B,Frame,Face,State,Rz,Ry,Rx,Tx,Ty,Tz,Error,Markers
1,Port 1: Traxtal Tech TA203-2005  s/n:34A2401B,80119,1,OK,83.2971088,27.3802658,-12.8173924,233.019,22.359,-2071.655,0.3052199,0
