Tools,Port 1: Traxtal Tech TA203-2005  s/n:34A2401B,Frame,Face,State,Rz,Ry,Rx,Tx,Ty,Tz,Error,Markers
1,Port 1: Traxtal Tech TA203-2005  s/n:34A2401B,101884,1,OK,74.9375230,35.2670083,-9.7354263,144.939,114.609,-2114.118,0.4481833,0
