Tools,Port 1: Traxtal Tech TA203-2005  s/n:34A2401B,Frame,Face,State,Rz,Ry,Rx,Tx,Ty,Tz,Error,Markers
1,Port 1: Traxtal Tech TA203-2005  s/n:34A2401B,11068,1,OK,54.2989882,18.9428398,-20.1271282,240.872,-130.502,-1997.674,0.3261940,0
