Tools,Port 1: Traxtal Tech TA203-2005  s/n:34A2401B,Frame,Face,State,Rz,Ry,Rx,Tx,Ty,Tz,Error,Markers
1,Port 1: Traxtal Tech TA203-2005  s/n:34A2401B,111553,1,OK,97.0071105,37.5672665,17.0840060,-68.658,100.332,-2089.616,0.3582101,0
