Tools,Port 1: Traxtal Tech TA203-2005  s/n:34A2401B,Frame,Face,State,Rz,Ry,Rx,Tx,Ty,Tz,Error,Markers
1,Port 1: Traxtal Tech TA203-2005  s/n:34A2401B,159919,1,OK,-49.2191796,1.7444302,1.6948120,190.656,148.931,-2109.483,0.1775573,0
