Tools,Port 1: Traxtal Tech TA203-2005  s/n:34A2401B,Frame,Face,State,Rz,Ry,Rx,Tx,Ty,Tz,Error,Markers
1,Port 1: Traxtal Tech TA203-2005  s/n:34A2401B,126658,1,OK,126.6397182,31.6722938,4.1726869,204.407,191.423,-2136.668,0.2250537,0
