Tools,Port 1: Traxtal Tech TA203-2005  s/n:34A2401B,Frame,Face,State,Rz,Ry,Rx,Tx,Ty,Tz,Error,Markers
1,Port 1: Traxtal Tech TA203-2005  s/n:34A2401B,113380,1,OK,103.5874539,36.9595025,41.1715386,-294.320,108.595,-1984.583,0.2870480,0
