Tools,Port 1: Traxtal Tech TA203-2005  s/n:34A2401B,Frame,Face,State,Rz,Ry,Rx,Tx,Ty,Tz,Error,Markers
1,Port 1: Traxtal Tech TA203-2005  s/n:34A2401B,121552,1,OK,106.6875583,32.9393636,-12.1676272,310.522,215.640,-2117.065,0.3380599,0
