Tools,Port 1: Traxtal Tech TA203-2005  s/n:34A2401B,Frame,Face,State,Rz,Ry,Rx,Tx,Ty,Tz,Error,Markers
1,Port 1: Traxtal Tech TA203-2005  s/n:34A2401B,47563,1,OK,80.8578128,20.0967077,-27.4350462,389.824,-29.508,-2045.363,0.2498517,0
