Tools,Port 1: Traxtal Tech TA203-2005  s/n:34A2401B,Frame,Face,State,Rz,Ry,Rx,Tx,Ty,Tz,Error,Markers
1,Port 1: Traxtal Tech TA203-2005  s/n:34A2401B,137122,1,OK,16.6547237,19.9682109,-31.6408698,156.365,38.984,-2073.354,0.2721432,0
