Tools,Port 1: Traxtal Tech TA203-2005  s/n:34A2401B,Frame,Face,State,Rz,Ry,Rx,Tx,Ty,Tz,Error,Markers
1,Port 1: Traxtal Tech TA203-2005  s/n:34A2401B,118081,1,OK,117.3295739,35.7060160,29.2553118,-92.439,44.547,-2052.250,0.2026687,0
