Tools,Port 1: Traxtal Tech TA203-2005  s/n:34A2401B,Frame,Face,State,Rz,Ry,Rx,Tx,Ty,Tz,Error,Markers
1,Port 1: Traxtal Tech TA203-2005  s/n:34A2401B,25579,1,OK,0.3267280,13.6620378,-6.8743135,76.858,-35.002,-2038.141,0.2921534,0
