Tools,Port 1: Traxtal Tech TA203-2005  s/n:34A2401B,Frame,Face,State,Rz,Ry,Rx,Tx,Ty,Tz,Error,Markers
1,Port 1: Traxtal Tech TA203-2005  s/n:34A2401B,63250,1,OK,93.9682108,25.4659718,29.7823308,-243.208,-76.066,-2126.753,0.2965998,0
