Tools,Port 1: Traxtal Tech TA203-2005  s/n:34A2401B,Frame,Face,State,Rz,Ry,Rx,Tx,Ty,Tz,Error,Markers
1,Port 1: Traxtal Tech TA203-2005  s/n:34A2401B,110014,1,OK,93.5894734,37.1014463,4.2815731,64.228,111.886,-2114.261,0.4614960,0
