Tools,Port 1: Traxtal Tech TA203-2005  s/n:34A2401B,Frame,Face,State,Rz,Ry,Rx,Tx,Ty,Tz,Error,Markers
1,Port 1: Traxtal Tech TA203-2005  s/n:34A2401B,154099,1,OK,-35.1522655,4.5969252,-7.2629904,127.123,105.815,-2107.737,0.2275807,0
