Tools,Port 1: Traxtal Tech TA203-2005  s/n:34A2401B,Frame,Face,State,Rz,Ry,Rx,Tx,Ty,Tz,Error,Markers
1,Port 1: Traxtal Tech TA203-2005  s/n:34A2401B,69157,1,OK,89.7086610,30.0088870,13.6251093,-62.994,11.081,-2064.706,0.3417624,0
