Tools,Port 1: Traxtal Tech TA203-2005  s/n:34A2401B,Frame,Face,State,Rz,Ry,Rx,Tx,Ty,Tz,Error,Markers
1,Port 1: Traxtal Tech TA203-2005  s/n:34A2401B,131710,1,OK,151.2682098,24.9944268,9.2348102,184.169,244.869,-2154.321,0.1854882,0
