Tools,Port 1: Traxtal Tech TA203-2005  s/n:34A2401B,Frame,Face,State,Rz,Ry,Rx,Tx,Ty,Tz,Error,Markers
1,Port 1: Traxtal Tech TA203-2005  s/n:34A2401B,92254,1,OK,40.5077765,24.9728920,1.7652020,-23.640,133.825,-2097.722,0.3795633,0
