{
    "txt": {
        "instanceID": 2056
    },
    "count": 24,
    "Tx": 0.17889784276485444,
    "Ty": -0.16499517858028413,
    "Tz": 0.0546010360121727,
    "Rx": 357.8921203613281,
    "Ry": 0.1368076205253601,
    "Rz": 54.405879974365237
}