{
    "txt": {
        "instanceID": 2056
    },
    "count": 8,
    "Tx": 0.046089403331279758,
    "Ty": -0.192790687084198,
    "Tz": -0.2173207700252533,
    "Rx": 307.697265625,
    "Ry": 356.578369140625,
    "Rz": 66.11774444580078
}