{
    "txt": {
        "instanceID": 2056
    },
    "count": 66,
    "Tx": 0.15909910202026368,
    "Ty": -0.20406469702720643,
    "Tz": -0.19065868854522706,
    "Rx": 350.1937561035156,
    "Ry": 347.8375244140625,
    "Rz": 51.295204162597659
}