{
    "txt": {
        "instanceID": 2056
    },
    "count": 12,
    "Tx": -0.21681547164916993,
    "Ty": -0.1643080711364746,
    "Tz": -0.41118180751800539,
    "Rx": 298.9476318359375,
    "Ry": 350.4744567871094,
    "Rz": 102.34468078613281
}