{
    "txt": {
        "instanceID": 2056
    },
    "count": 38,
    "Tx": -0.21901509165763856,
    "Ty": 0.06411930918693543,
    "Tz": -0.019395992159843446,
    "Rx": 1.2958699464797974,
    "Ry": 353.6894226074219,
    "Rz": 96.89653778076172
}