{
    "txt": {
        "instanceID": 2056
    },
    "count": 43,
    "Tx": 0.11163650453090668,
    "Ty": -0.15940727293491364,
    "Tz": -0.02069874107837677,
    "Rx": 358.0939025878906,
    "Ry": 355.3724060058594,
    "Rz": 57.282135009765628
}