{
    "txt": {
        "instanceID": 2056
    },
    "count": 30,
    "Tx": 0.1983145922422409,
    "Ty": -0.07092199474573136,
    "Tz": 0.0556657537817955,
    "Rx": 358.6400451660156,
    "Ry": 359.35198974609377,
    "Rz": 65.82459259033203
}