{
    "txt": {
        "instanceID": 2056
    },
    "count": 64,
    "Tx": 0.08102032542228699,
    "Ty": -0.09402791410684586,
    "Tz": -0.21260914206504823,
    "Rx": 351.0213317871094,
    "Ry": 346.94940185546877,
    "Rz": 64.78201293945313
}