{
    "txt": {
        "instanceID": 2056
    },
    "count": 114,
    "Tx": 0.09839090704917908,
    "Ty": -0.6329835653305054,
    "Tz": -0.49563097953796389,
    "Rx": 302.62628173828127,
    "Ry": 187.3987274169922,
    "Rz": 233.40850830078126
}