{
    "txt": {
        "instanceID": 2056
    },
    "count": 95,
    "Tx": 0.0952184796333313,
    "Ty": -0.4117933511734009,
    "Tz": 0.08428122103214264,
    "Rx": 58.74244689941406,
    "Ry": 348.1230163574219,
    "Rz": 52.14911651611328
}