{
    "txt": {
        "instanceID": 2056
    },
    "count": 112,
    "Tx": -0.0160372294485569,
    "Ty": -0.6879528164863586,
    "Tz": -0.5924547910690308,
    "Rx": 301.8842468261719,
    "Ry": 189.46090698242188,
    "Rz": 247.3746337890625
}