{
    "txt": {
        "instanceID": 2056
    },
    "count": 99,
    "Tx": 0.0710635557770729,
    "Ty": -0.21018630266189576,
    "Tz": -0.6220864057540894,
    "Rx": 298.79766845703127,
    "Ry": 337.9713439941406,
    "Rz": 85.06441497802735
}