{
    "txt": {
        "instanceID": 2056
    },
    "count": 106,
    "Tx": 0.05684269964694977,
    "Ty": -0.340071439743042,
    "Tz": -0.5400430560112,
    "Rx": 282.16217041015627,
    "Ry": 326.68701171875,
    "Rz": 98.81884765625
}