{
    "txt": {
        "instanceID": 2056
    },
    "count": 4,
    "Tx": 0.07256080210208893,
    "Ty": -0.11389456689357758,
    "Tz": 0.07325053215026856,
    "Rx": 354.8268127441406,
    "Ry": 1.250785231590271,
    "Rz": 60.21684646606445
}