{
    "txt": {
        "instanceID": 2056
    },
    "count": 17,
    "Tx": -0.026241932064294816,
    "Ty": -0.3641284108161926,
    "Tz": -0.3912096321582794,
    "Rx": 277.4348449707031,
    "Ry": 310.3924865722656,
    "Rz": 121.91732025146485
}