{
    "txt": {
        "instanceID": 2056
    },
    "count": 89,
    "Tx": 0.09216641634702683,
    "Ty": -0.2785458564758301,
    "Tz": 0.03386923670768738,
    "Rx": 35.31778335571289,
    "Ry": 348.474365234375,
    "Rz": 55.331539154052737
}