{
    "txt": {
        "instanceID": 2056
    },
    "count": 103,
    "Tx": -0.14892351627349854,
    "Ty": -0.3198610544204712,
    "Tz": -0.6710533499717712,
    "Rx": 284.4276428222656,
    "Ry": 326.7142333984375,
    "Rz": 123.0580825805664
}