{
    "txt": {
        "instanceID": 2056
    },
    "count": 27,
    "Tx": 0.3286213278770447,
    "Ty": -0.2772884964942932,
    "Tz": 0.04175199568271637,
    "Rx": 357.2686462402344,
    "Ry": 1.1940982341766358,
    "Rz": 41.8469352722168
}