{
    "txt": {
        "instanceID": 2056
    },
    "count": 102,
    "Tx": -0.2433125078678131,
    "Ty": -0.31752556562423708,
    "Tz": -0.6986416578292847,
    "Rx": 285.2584228515625,
    "Ry": 327.9393615722656,
    "Rz": 131.45767211914063
}