{
    "txt": {
        "instanceID": 2056
    },
    "count": 53,
    "Tx": -0.031024839729070665,
    "Ty": -0.09927953779697418,
    "Tz": -0.3910302519798279,
    "Rx": 314.97271728515627,
    "Ry": 350.1452331542969,
    "Rz": 83.60104370117188
}