{
    "txt": {
        "instanceID": 2056
    },
    "count": 62,
    "Tx": -0.018989959731698037,
    "Ty": -0.007289588451385498,
    "Tz": -0.23935389518737794,
    "Rx": 351.8888854980469,
    "Ry": 346.16326904296877,
    "Rz": 78.09134674072266
}