{
    "txt": {
        "instanceID": 2056
    },
    "count": 46,
    "Tx": 0.1690194010734558,
    "Ty": -0.2458658218383789,
    "Tz": -0.07621295750141144,
    "Rx": 345.1272888183594,
    "Ry": 355.809814453125,
    "Rz": 46.85074996948242
}