{
    "txt": {
        "instanceID": 2056
    },
    "count": 116,
    "Tx": 0.09808707237243653,
    "Ty": -0.7295479774475098,
    "Tz": -0.44330108165740969,
    "Rx": 318.661865234375,
    "Ry": 184.22825622558595,
    "Rz": 237.03341674804688
}