{
    "txt": {
        "instanceID": 2056
    },
    "count": 105,
    "Tx": -0.015198827721178532,
    "Ty": -0.3297605514526367,
    "Tz": -0.6007457971572876,
    "Rx": 283.05078125,
    "Ry": 325.98968505859377,
    "Rz": 108.83429718017578
}