{
    "txt": {
        "instanceID": 2056
    },
    "count": 68,
    "Tx": 0.16479912400245667,
    "Ty": -0.2500479519367218,
    "Tz": -0.12281876802444458,
    "Rx": 3.805530071258545,
    "Ry": 348.7217102050781,
    "Rz": 47.40980529785156
}