{
    "txt": {
        "instanceID": 2056
    },
    "count": 50,
    "Tx": 0.19689011573791505,
    "Ty": -0.32619404792785647,
    "Tz": -0.16722185909748078,
    "Rx": 312.328369140625,
    "Ry": 353.853271484375,
    "Rz": 42.192230224609378
}