{
    "txt": {
        "instanceID": 2056
    },
    "count": 49,
    "Tx": 0.17040668427944184,
    "Ty": -0.2743644714355469,
    "Tz": -0.21646669507026673,
    "Rx": 312.8043212890625,
    "Ry": 353.0462341308594,
    "Rz": 50.00076675415039
}