{
    "txt": {
        "instanceID": 2056
    },
    "count": 87,
    "Tx": 0.14916300773620606,
    "Ty": -0.2793329358100891,
    "Tz": -0.05768284946680069,
    "Rx": 19.57105255126953,
    "Ry": 349.1054382324219,
    "Rz": 48.01627731323242
}