{
    "txt": {
        "instanceID": 2056
    },
    "count": 33,
    "Tx": 0.024136625230312349,
    "Ty": 0.0518207773566246,
    "Tz": 0.07075845450162888,
    "Rx": 0.3063003420829773,
    "Ry": 358.36077880859377,
    "Rz": 86.89590454101563
}