{
    "txt": {
        "instanceID": 2056
    },
    "count": 10,
    "Tx": -0.11242140829563141,
    "Ty": -0.10775893926620484,
    "Tz": -0.30776289105415347,
    "Rx": 309.3791809082031,
    "Ry": 354.8606262207031,
    "Rz": 87.19097900390625
}