{
    "txt": {
        "instanceID": 2056
    },
    "count": 56,
    "Tx": -0.3130354881286621,
    "Ty": -0.034981392323970798,
    "Tz": -0.4683902859687805,
    "Rx": 317.58477783203127,
    "Ry": 349.60870361328127,
    "Rz": 113.72966003417969
}