{
    "txt": {
        "instanceID": 2056
    },
    "count": 57,
    "Tx": -0.2803872227668762,
    "Ty": 0.06030254811048508,
    "Tz": -0.48232996463775637,
    "Rx": 337.0206298828125,
    "Ry": 344.30645751953127,
    "Rz": 110.72348022460938
}