{
    "txt": {
        "instanceID": 2056
    },
    "count": 109,
    "Tx": -0.15417852997779847,
    "Ty": -0.5588529706001282,
    "Tz": -0.6964211463928223,
    "Rx": 284.15545654296877,
    "Ry": 208.11424255371095,
    "Rz": 243.39402770996095
}