{
    "txt": {
        "instanceID": 2056
    },
    "count": 98,
    "Tx": 0.12733882665634156,
    "Ty": -0.23996016383171082,
    "Tz": -0.5550505518913269,
    "Rx": 298.0762939453125,
    "Ry": 339.1088562011719,
    "Rz": 75.06649017333985
}