{
    "txt": {
        "instanceID": 2056
    },
    "count": 77,
    "Tx": -0.40579867362976076,
    "Ty": 0.06979358196258545,
    "Tz": -0.16561459004878999,
    "Rx": 9.15408992767334,
    "Ry": 346.1791687011719,
    "Rz": 114.79813385009766
}