{
    "txt": {
        "instanceID": 2056
    },
    "count": 121,
    "Tx": -0.19663399457931519,
    "Ty": -0.9947361946105957,
    "Tz": -0.44299232959747317,
    "Rx": 335.1860046386719,
    "Ry": 184.07769775390626,
    "Rz": 272.99700927734377
}