{
    "txt": {
        "instanceID": 2056
    },
    "count": 90,
    "Tx": 0.037507861852645877,
    "Ty": -0.23249420523643495,
    "Tz": 0.06318273395299912,
    "Rx": 35.82789611816406,
    "Ry": 347.722412109375,
    "Rz": 62.53700637817383
}