{
    "txt": {
        "instanceID": 2056
    },
    "count": 79,
    "Tx": -0.3474152386188507,
    "Ty": 0.006103121675550938,
    "Tz": 0.0033639646135270597,
    "Rx": 24.18683624267578,
    "Ry": 346.46099853515627,
    "Rz": 105.64436340332031
}