{
    "txt": {
        "instanceID": 2056
    },
    "count": 107,
    "Tx": 0.12659987807273866,
    "Ty": -0.3560826778411865,
    "Tz": -0.45217418670654299,
    "Rx": 281.2054138183594,
    "Ry": 328.62689208984377,
    "Rz": 86.02439880371094
}