{
    "txt": {
        "instanceID": 2056
    },
    "count": 29,
    "Tx": 0.25509440898895266,
    "Ty": -0.13961344957351685,
    "Tz": 0.050317488610744479,
    "Rx": 358.0806884765625,
    "Ry": 359.9549255371094,
    "Rz": 57.101593017578128
}