{
    "txt": {
        "instanceID": 2056
    },
    "count": 74,
    "Tx": -0.22091105580329896,
    "Ty": 0.05447010695934296,
    "Tz": -0.13922256231307984,
    "Rx": 7.44566011428833,
    "Ry": 346.1331481933594,
    "Rz": 96.57176208496094
}