{
    "txt": {
        "instanceID": 2056
    },
    "count": 65,
    "Tx": 0.12174785137176514,
    "Ty": -0.14470979571342469,
    "Tz": -0.20132195949554444,
    "Rx": 350.5828857421875,
    "Ry": 347.403564453125,
    "Rz": 58.34252166748047
}