{
    "txt": {
        "instanceID": 2056
    },
    "count": 21,
    "Tx": 0.13368459045886994,
    "Ty": -0.18248692154884339,
    "Tz": -0.22269144654273988,
    "Rx": 312.4127502441406,
    "Ry": 356.09820556640627,
    "Rz": 64.05059814453125
}