{
    "txt": {
        "instanceID": 2056
    },
    "count": 76,
    "Tx": -0.34648746252059939,
    "Ty": 0.07120737433433533,
    "Tz": -0.15501423180103303,
    "Rx": 8.618945121765137,
    "Ry": 346.15948486328127,
    "Rz": 108.95333862304688
}