{
    "txt": {
        "instanceID": 2056
    },
    "count": 36,
    "Tx": -0.10899847745895386,
    "Ty": 0.07490765303373337,
    "Tz": 0.08265852928161621,
    "Rx": 1.6679258346557618,
    "Ry": 358.1552734375,
    "Rz": 100.62799072265625
}