{
    "txt": {
        "instanceID": 2056
    },
    "count": 120,
    "Tx": -0.20861324667930604,
    "Ty": -0.8770204782485962,
    "Tz": -0.5833142995834351,
    "Rx": 316.28131103515627,
    "Ry": 186.5711669921875,
    "Rz": 271.30322265625
}