{
    "txt": {
        "instanceID": 2056
    },
    "count": 108,
    "Tx": -0.04255995899438858,
    "Ty": -0.5449536442756653,
    "Tz": -0.6430989503860474,
    "Rx": 284.897216796875,
    "Ry": 204.76934814453126,
    "Rz": 234.49359130859376
}