{
    "txt": {
        "instanceID": 2056
    },
    "count": 113,
    "Tx": 0.04350520670413971,
    "Ty": -0.6618496179580689,
    "Tz": -0.5479494333267212,
    "Rx": 302.260986328125,
    "Ry": 188.5084686279297,
    "Rz": 240.46421813964845
}