{
    "txt": {
        "instanceID": 2056
    },
    "count": 110,
    "Tx": -0.17771248519420625,
    "Ty": -0.7303648591041565,
    "Tz": -0.6626916527748108,
    "Rx": 300.5979919433594,
    "Ry": 191.1565399169922,
    "Rz": 263.6936950683594
}