{
    "txt": {
        "instanceID": 2056
    },
    "count": 61,
    "Tx": -0.07509350031614304,
    "Ty": 0.028839753940701486,
    "Tz": -0.3059420585632324,
    "Rx": 347.18670654296877,
    "Ry": 345.514404296875,
    "Rz": 85.97833251953125
}