{
    "txt": {
        "instanceID": 2056
    },
    "count": 6,
    "Tx": 0.05747552216053009,
    "Ty": -0.12295813858509064,
    "Tz": -0.08490553498268128,
    "Rx": 330.8248291015625,
    "Ry": 359.6329040527344,
    "Rz": 62.30429458618164
}