{
    "txt": {
        "instanceID": 2056
    },
    "count": 104,
    "Tx": -0.09332939237356186,
    "Ty": -0.32251763343811037,
    "Tz": -0.6469606161117554,
    "Rx": 283.90411376953127,
    "Ry": 326.25628662109377,
    "Rz": 117.52792358398438
}