{
    "txt": {
        "instanceID": 2056
    },
    "count": 75,
    "Tx": -0.2985553741455078,
    "Ty": 0.06819264590740204,
    "Tz": -0.14844974875450135,
    "Rx": 8.181387901306153,
    "Ry": 346.12518310546877,
    "Rz": 104.24919128417969
}