{
    "txt": {
        "instanceID": 2056
    },
    "count": 97,
    "Tx": 0.18691642582416535,
    "Ty": -0.2876972556114197,
    "Tz": -0.46174949407577517,
    "Rx": 297.1914978027344,
    "Ry": 340.75457763671877,
    "Rz": 61.62579345703125
}