{
    "txt": {
        "instanceID": 2056
    },
    "count": 40,
    "Tx": -0.06244196742773056,
    "Ty": -0.0003772024065256119,
    "Tz": -0.019414424896240236,
    "Rx": 359.8028259277344,
    "Ry": 354.00628662109377,
    "Rz": 80.43573760986328
}