{
    "txt": {
        "instanceID": 2056
    },
    "count": 70,
    "Tx": 0.09361575543880463,
    "Ty": -0.14286594092845918,
    "Tz": -0.11926233023405075,
    "Rx": 4.475561618804932,
    "Ry": 347.69390869140627,
    "Rz": 59.93952178955078
}