{
    "txt": {
        "instanceID": 2056
    },
    "count": 83,
    "Tx": -0.07066421210765839,
    "Ty": -0.07234643399715424,
    "Tz": 0.005494699347764254,
    "Rx": 21.621356964111329,
    "Ry": 347.0528259277344,
    "Rz": 77.52848815917969
}