{
    "txt": {
        "instanceID": 2056
    },
    "count": 78,
    "Tx": -0.4174897372722626,
    "Ty": 0.005251138471066952,
    "Tz": -0.005401220638304949,
    "Rx": 24.82136344909668,
    "Ry": 346.5693664550781,
    "Rz": 112.58773803710938
}