{
    "txt": {
        "instanceID": 2056
    },
    "count": 37,
    "Tx": -0.2853199243545532,
    "Ty": 0.07635630667209625,
    "Tz": -0.018692433834075929,
    "Rx": 1.9017400741577149,
    "Ry": 353.7177429199219,
    "Rz": 103.46174621582031
}