{
    "txt": {
        "instanceID": 2056
    },
    "count": 72,
    "Tx": -0.041220054030418399,
    "Ty": -0.022358402609825136,
    "Tz": -0.12466628849506378,
    "Rx": 5.77950382232666,
    "Ry": 346.5667724609375,
    "Rz": 77.43030548095703
}