{
    "txt": {
        "instanceID": 2056
    },
    "count": 100,
    "Tx": 0.0016878845635801554,
    "Ty": -0.18668398261070252,
    "Tz": -0.6805007457733154,
    "Rx": 299.6270446777344,
    "Ry": 337.184326171875,
    "Rz": 94.99409484863281
}