{
    "txt": {
        "instanceID": 2056
    },
    "count": 48,
    "Tx": 0.16982822120189668,
    "Ty": -0.25635698437690737,
    "Tz": -0.1771273910999298,
    "Rx": 322.83306884765627,
    "Ry": 354.12811279296877,
    "Rz": 48.65974044799805
}