{
    "txt": {
        "instanceID": 2056
    },
    "count": 45,
    "Tx": 0.16860973834991456,
    "Ty": -0.256718248128891,
    "Tz": -0.02078706957399845,
    "Rx": 357.5575866699219,
    "Ry": 356.3338928222656,
    "Rz": 46.22913360595703
}