{
    "txt": {
        "instanceID": 2056
    },
    "count": 86,
    "Tx": 0.1073567271232605,
    "Ty": -0.22101885080337525,
    "Tz": -0.03773346543312073,
    "Rx": 19.95234489440918,
    "Ry": 348.4776306152344,
    "Rz": 55.077545166015628
}