{
    "txt": {
        "instanceID": 2056
    },
    "count": 54,
    "Tx": -0.12342634797096253,
    "Ty": -0.06538107246160507,
    "Tz": -0.4288136065006256,
    "Rx": 315.8580017089844,
    "Ry": 349.6623840332031,
    "Rz": 94.3431396484375
}