{
    "txt": {
        "instanceID": 2056
    },
    "count": 32,
    "Tx": 0.10312169790267945,
    "Ty": 0.008313450030982495,
    "Tz": 0.06461412459611893,
    "Rx": 359.5539245605469,
    "Ry": 358.7151794433594,
    "Rz": 77.9800796508789
}