{
    "txt": {
        "instanceID": 2056
    },
    "count": 14,
    "Tx": -0.22329217195510865,
    "Ty": -0.3563702404499054,
    "Tz": -0.49702978134155276,
    "Rx": 279.33245849609377,
    "Ry": 315.34332275390627,
    "Rz": 138.54942321777345
}