{
    "txt": {
        "instanceID": 2056
    },
    "count": 82,
    "Tx": -0.14527180790901185,
    "Ty": -0.037613395601511,
    "Tz": 0.010950281284749508,
    "Rx": 22.314376831054689,
    "Ry": 346.7004089355469,
    "Rz": 85.45832061767578
}