{
    "txt": {
        "instanceID": 2056
    },
    "count": 81,
    "Tx": -0.19981440901756288,
    "Ty": -0.01846456527709961,
    "Tz": 0.01127657014876604,
    "Rx": 22.835189819335939,
    "Ry": 346.5154724121094,
    "Rz": 90.98916625976563
}