{
    "txt": {
        "instanceID": 2056
    },
    "count": 85,
    "Tx": 0.060222577303647998,
    "Ty": -0.17007267475128175,
    "Tz": -0.02212703786790371,
    "Rx": 20.389541625976564,
    "Ry": 347.9420471191406,
    "Rz": 61.80063247680664
}