{
    "txt": {
        "instanceID": 2056
    },
    "count": 93,
    "Tx": -0.1569373905658722,
    "Ty": -0.13253569602966309,
    "Tz": 0.12080658972263336,
    "Rx": 37.6211051940918,
    "Ry": 346.2684020996094,
    "Rz": 83.85198211669922
}