{
    "txt": {
        "instanceID": 2056
    },
    "count": 69,
    "Tx": 0.13177458941936494,
    "Ty": -0.19416840374469758,
    "Tz": -0.12036344408988953,
    "Rx": 4.112586498260498,
    "Ry": 348.17437744140627,
    "Rz": 53.711307525634769
}