{
    "txt": {
        "instanceID": 2056
    },
    "count": 15,
    "Tx": -0.152909517288208,
    "Ty": -0.3581354022026062,
    "Tz": -0.471021831035614,
    "Rx": 278.735107421875,
    "Ry": 313.22637939453127,
    "Rz": 133.41737365722657
}