{
    "txt": {
        "instanceID": 2056
    },
    "count": 20,
    "Tx": 0.12698578834533692,
    "Ty": -0.31075456738471987,
    "Tz": -0.3383565843105316,
    "Rx": 285.0259704589844,
    "Ry": 342.74761962890627,
    "Rz": 78.37609100341797
}