{
    "txt": {
        "instanceID": 2056
    },
    "count": 13,
    "Tx": -0.22140628099441529,
    "Ty": -0.2764222323894501,
    "Tz": -0.47212153673171999,
    "Rx": 286.4078063964844,
    "Ry": 339.14898681640627,
    "Rz": 114.3114013671875
}