{
    "txt": {
        "instanceID": 2056
    },
    "count": 18,
    "Tx": -0.009743825532495976,
    "Ty": -0.36425310373306277,
    "Tz": -0.44816601276397707,
    "Rx": 277.427490234375,
    "Ry": 307.6145935058594,
    "Rz": 121.94522857666016
}