{
    "txt": {
        "instanceID": 2056
    },
    "count": 44,
    "Tx": 0.15253669023513795,
    "Ty": -0.22471225261688233,
    "Tz": -0.021691281348466874,
    "Rx": 357.6673278808594,
    "Ry": 355.9546203613281,
    "Rz": 49.750919342041019
}