{
    "txt": {
        "instanceID": 2056
    },
    "count": 73,
    "Tx": -0.142464280128479,
    "Ty": 0.029626041650772096,
    "Tz": -0.13077901303768159,
    "Rx": 6.73286247253418,
    "Ry": 346.26531982421877,
    "Rz": 88.50737762451172
}