{
    "txt": {
        "instanceID": 2056
    },
    "count": 31,
    "Tx": 0.1423109769821167,
    "Ty": -0.020071199163794519,
    "Tz": 0.061374224722385409,
    "Rx": 359.186767578125,
    "Ry": 358.94842529296877,
    "Rz": 73.22601318359375
}