{
    "txt": {
        "instanceID": 2056
    },
    "count": 47,
    "Tx": 0.1697811484336853,
    "Ty": -0.24458980560302735,
    "Tz": -0.1293075680732727,
    "Rx": 333.8951110839844,
    "Ry": 354.92547607421877,
    "Rz": 47.60254669189453
}