{
    "txt": {
        "instanceID": 2056
    },
    "count": 52,
    "Tx": 0.05065029114484787,
    "Ty": -0.1471002995967865,
    "Tz": -0.3422294557094574,
    "Rx": 314.1221923828125,
    "Ry": 350.8838195800781,
    "Rz": 72.62334442138672
}