{
    "txt": {
        "instanceID": 2056
    },
    "count": 115,
    "Tx": 0.1368478238582611,
    "Ty": -0.6917259693145752,
    "Tz": -0.40413597226142886,
    "Rx": 319.1849670410156,
    "Ry": 183.6284637451172,
    "Rz": 230.96470642089845
}