{
    "txt": {
        "instanceID": 2056
    },
    "count": 2,
    "Tx": -0.038996756076812747,
    "Ty": -0.007056402042508125,
    "Tz": 0.07930248975753784,
    "Rx": 355.90521240234377,
    "Ry": 0.31671231985092165,
    "Rz": 75.32316589355469
}