{
    "txt": {
        "instanceID": 2056
    },
    "count": 67,
    "Tx": 0.17380166053771974,
    "Ty": -0.2331218123435974,
    "Tz": -0.18492570519447328,
    "Rx": 350.0478820800781,
    "Ry": 348.14642333984377,
    "Rz": 48.065345764160159
}