{
    "txt": {
        "instanceID": 2056
    },
    "count": 22,
    "Tx": 0.14281034469604493,
    "Ty": -0.12255338579416275,
    "Tz": -0.08325236290693283,
    "Rx": 336.21881103515627,
    "Ry": 358.5991516113281,
    "Rz": 60.74073791503906
}