{
    "txt": {
        "instanceID": 2056
    },
    "count": 28,
    "Tx": 0.2965790629386902,
    "Ty": -0.2059333622455597,
    "Tz": 0.04609059542417526,
    "Rx": 357.64666748046877,
    "Ry": 0.5497680306434631,
    "Rz": 49.49774169921875
}