{
    "txt": {
        "instanceID": 2056
    },
    "count": 35,
    "Tx": -0.1302284449338913,
    "Ty": 0.09690597653388977,
    "Tz": 0.0820489227771759,
    "Rx": 1.7883154153823853,
    "Ry": 358.122314453125,
    "Rz": 102.7120132446289
}