{
    "txt": {
        "instanceID": 2056
    },
    "count": 25,
    "Tx": 0.20699363946914674,
    "Ty": -0.21325847506523133,
    "Tz": 0.051154524087905887,
    "Rx": 357.5929260253906,
    "Ry": 0.5722116827964783,
    "Rz": 48.957271575927737
}