{
    "txt": {
        "instanceID": 2056
    },
    "count": 118,
    "Tx": -0.07156302034854889,
    "Ty": -0.8353621959686279,
    "Tz": -0.547207236289978,
    "Rx": 317.31475830078127,
    "Ry": 185.87696838378907,
    "Rz": 257.5049133300781
}