{
    "txt": {
        "instanceID": 2056
    },
    "count": 94,
    "Tx": 0.04363640397787094,
    "Ty": -0.38580062985420229,
    "Tz": 0.1318783015012741,
    "Rx": 59.19785690307617,
    "Ry": 347.0400390625,
    "Rz": 58.49180603027344
}