{
    "txt": {
        "instanceID": 2056
    },
    "count": 26,
    "Tx": 0.23591557145118714,
    "Ty": -0.2785874009132385,
    "Tz": 0.047899030148983,
    "Rx": 357.3013916015625,
    "Ry": 1.1925203800201417,
    "Rz": 41.92509460449219
}