{
    "txt": {
        "instanceID": 2056
    },
    "count": 3,
    "Tx": 0.02107350155711174,
    "Ty": -0.056762147694826129,
    "Tz": 0.0760439932346344,
    "Rx": 355.3364562988281,
    "Ry": 0.7426473498344421,
    "Rz": 67.69168090820313
}