{
    "txt": {
        "instanceID": 2056
    },
    "count": 96,
    "Tx": 0.22679287195205689,
    "Ty": -0.35038816928863528,
    "Tz": -0.3461419641971588,
    "Rx": 296.66033935546877,
    "Ry": 342.95703125,
    "Rz": 46.161251068115237
}