{
    "txt": {
        "instanceID": 2056
    },
    "count": 5,
    "Tx": 0.06539838761091232,
    "Ty": -0.10871067643165589,
    "Tz": 0.00500036496669054,
    "Rx": 344.5206604003906,
    "Ry": 0.7526986002922058,
    "Rz": 60.9948616027832
}