{
    "txt": {
        "instanceID": 2056
    },
    "count": 60,
    "Tx": -0.05806330591440201,
    "Ty": 0.0073399655520915989,
    "Tz": -0.4177607297897339,
    "Rx": 334.918701171875,
    "Ry": 344.5234375,
    "Rz": 87.4488525390625
}