{
    "txt": {
        "instanceID": 2056
    },
    "count": 101,
    "Tx": -0.06457807868719101,
    "Ty": -0.17276030778884889,
    "Tz": -0.7183268070220947,
    "Rx": 300.3312683105469,
    "Ry": 336.9645690917969,
    "Rz": 103.03656768798828
}