{
    "txt": {
        "instanceID": 2056
    },
    "count": 41,
    "Tx": 0.021339811384677888,
    "Ty": -0.06138492375612259,
    "Tz": -0.01944718137383461,
    "Rx": 358.9730224609375,
    "Ry": 354.5244140625,
    "Rz": 70.37239074707031
}