{
    "txt": {
        "instanceID": 2056
    },
    "count": 39,
    "Tx": -0.13502608239650727,
    "Ty": 0.03593244031071663,
    "Tz": -0.019291117787361146,
    "Rx": 0.505986750125885,
    "Ry": 353.7889404296875,
    "Rz": 88.31462860107422
}