{
    "txt": {
        "instanceID": 2056
    },
    "count": 16,
    "Tx": -0.08915510028600693,
    "Ty": -0.360669881105423,
    "Tz": -0.4364141821861267,
    "Rx": 278.1285095214844,
    "Ry": 311.5946350097656,
    "Rz": 128.103515625
}