{
    "txt": {
        "instanceID": 2056
    },
    "count": 58,
    "Tx": -0.20017783343791963,
    "Ty": 0.05144179239869118,
    "Tz": -0.46375370025634768,
    "Rx": 336.2945861816406,
    "Ry": 344.2524108886719,
    "Rz": 102.79496002197266
}