{
    "txt": {
        "instanceID": 2056
    },
    "count": 91,
    "Tx": -0.028681332245469095,
    "Ty": -0.1889256238937378,
    "Tz": 0.0900239497423172,
    "Rx": 36.430782318115237,
    "Ry": 347.0595397949219,
    "Rz": 70.28704833984375
}