{
    "txt": {
        "instanceID": 2056
    },
    "count": 1,
    "Tx": -0.07891339063644409,
    "Ty": 0.01940794289112091,
    "Tz": 0.07921361923217774,
    "Rx": 356.27618408203127,
    "Ry": 0.002291029319167137,
    "Rz": 79.99562072753906
}