{
    "txt": {
        "instanceID": 2056
    },
    "count": 119,
    "Tx": -0.13985365629196168,
    "Ty": -0.8593732118606567,
    "Tz": -0.5700448751449585,
    "Rx": 316.7226867675781,
    "Ry": 186.28970336914063,
    "Rz": 264.4920349121094
}