{
    "txt": {
        "instanceID": 2056
    },
    "count": 80,
    "Tx": -0.282501757144928,
    "Ty": -0.0001672636717557907,
    "Tz": 0.009066763333976269,
    "Rx": 23.60271453857422,
    "Ry": 346.4427185058594,
    "Rz": 99.24955749511719
}