{
    "txt": {
        "instanceID": 2056
    },
    "count": 51,
    "Tx": 0.11691467463970185,
    "Ty": -0.2039734423160553,
    "Tz": -0.285757839679718,
    "Rx": 313.3883972167969,
    "Ry": 351.7308654785156,
    "Rz": 61.917484283447269
}