{
    "txt": {
        "instanceID": 2056
    },
    "count": 71,
    "Tx": 0.024139512330293657,
    "Ty": -0.0718986988067627,
    "Tz": -0.11997352540493012,
    "Rx": 5.138122081756592,
    "Ry": 347.07464599609377,
    "Rz": 69.5215072631836
}