{
    "txt": {
        "instanceID": 2056
    },
    "count": 19,
    "Tx": 0.06163495033979416,
    "Ty": -0.3863477110862732,
    "Tz": -0.4369228482246399,
    "Rx": 276.10662841796877,
    "Ry": 284.2229919433594,
    "Rz": 146.52816772460938
}