{
    "txt": {
        "instanceID": 2056
    },
    "count": 34,
    "Tx": -0.049433425068855289,
    "Ty": 0.0794002041220665,
    "Tz": 0.07654207199811936,
    "Rx": 0.9873674511909485,
    "Ry": 358.1953125,
    "Rz": 94.5803451538086
}