{
    "txt": {
        "instanceID": 2056
    },
    "count": 84,
    "Tx": 0.005129662808030844,
    "Ty": -0.12251655757427216,
    "Tz": -0.007214464247226715,
    "Rx": 20.909629821777345,
    "Ry": 347.502197265625,
    "Rz": 68.83538818359375
}