{
    "txt": {
        "instanceID": 2056
    },
    "count": 92,
    "Tx": -0.08690910041332245,
    "Ty": -0.15949024260044099,
    "Tz": 0.1080479621887207,
    "Rx": 36.97437286376953,
    "Ry": 346.650390625,
    "Rz": 76.64588928222656
}