{
    "txt": {
        "instanceID": 2056
    },
    "count": 7,
    "Tx": 0.05094003677368164,
    "Ty": -0.1550280749797821,
    "Tz": -0.16109523177146913,
    "Rx": 318.10662841796877,
    "Ry": 358.335693359375,
    "Rz": 64.0165023803711
}