{
    "txt": {
        "instanceID": 2056
    },
    "count": 111,
    "Tx": -0.08811534196138382,
    "Ty": -0.7104120850563049,
    "Tz": -0.6306424140930176,
    "Rx": 301.2862243652344,
    "Ry": 190.43641662597657,
    "Rz": 254.83322143554688
}