{
    "txt": {
        "instanceID": 2056
    },
    "count": 42,
    "Tx": 0.06848356872797013,
    "Ty": -0.10659106075763703,
    "Tz": -0.018967941403388978,
    "Rx": 358.5381774902344,
    "Ry": 354.9709777832031,
    "Rz": 63.94259262084961
}