{
    "txt": {
        "instanceID": 2056
    },
    "count": 59,
    "Tx": -0.12280940264463425,
    "Ty": 0.032269127666950229,
    "Tz": -0.44239747524261477,
    "Rx": 335.5477600097656,
    "Ry": 344.291259765625,
    "Rz": 94.67301940917969
}