{
    "txt": {
        "instanceID": 2056
    },
    "count": 55,
    "Tx": -0.20977990329265595,
    "Ty": -0.04576916992664337,
    "Tz": -0.45273277163505556,
    "Rx": 316.6202392578125,
    "Ry": 349.5068359375,
    "Rz": 103.42231750488281
}