{
    "txt": {
        "instanceID": 2056
    },
    "count": 11,
    "Tx": -0.2111319601535797,
    "Ty": -0.07919235527515412,
    "Tz": -0.3376818001270294,
    "Rx": 310.32232666015627,
    "Ry": 354.5097961425781,
    "Rz": 97.75450897216797
}