{
    "txt": {
        "instanceID": 2056
    },
    "count": 63,
    "Tx": 0.03260301426053047,
    "Ty": -0.04662410169839859,
    "Tz": -0.227804034948349,
    "Rx": 351.27484130859377,
    "Ry": 346.49578857421877,
    "Rz": 71.66902160644531
}