{
    "txt": {
        "instanceID": 2056
    },
    "count": 88,
    "Tx": 0.13437169790267945,
    "Ty": -0.32214584946632388,
    "Tz": -0.0007792599499225616,
    "Rx": 34.497352600097659,
    "Ry": 349.0723571777344,
    "Rz": 48.9515266418457
}