{
    "txt": {
        "instanceID": 2056
    },
    "count": 23,
    "Tx": 0.1515849381685257,
    "Ty": -0.12633919715881349,
    "Tz": 0.05692131072282791,
    "Rx": 358.1771545410156,
    "Ry": 359.7623596191406,
    "Rz": 59.07676696777344
}