{
    "txt": {
        "instanceID": 2056
    },
    "count": 9,
    "Tx": -0.03731071949005127,
    "Ty": -0.14090803265571595,
    "Tz": -0.27277833223342898,
    "Rx": 308.5830383300781,
    "Ry": 355.4928283691406,
    "Rz": 78.01029968261719
}