{
    "txt": {
        "instanceID": 2056
    },
    "count": 117,
    "Tx": 0.031059568747878076,
    "Ty": -0.7828577160835266,
    "Tz": -0.49499937891960146,
    "Rx": 318.2292175292969,
    "Ry": 185.03631591796876,
    "Rz": 245.94493103027345
}